Workbook

Sheet Charts
A1: LIC INVESTMENT ANALYSIS — CHARTS & VISUALIZATIONS

Sheet Cleaned Data
A1: CLEANED DATASET — LIC INVESTMENTS (₹ Crore)
A2: Year Index | B2: Year | C2: Public | D2: Private | E2: Joint | F2: Co-operative | G2: Stock Exch. | H2: Loans | I2: Total | J2: YoY Growth % | K2: Public Share % | L2: Private Share % | M2: Natural log(Investment) | N2: Model Estimate | O2: % Error
A3: 1 | B3: 1994 | C3: 36247 | D3: 5894 | E3: 305 | F3: 1716 | G3: 29536 | H3: 12876 | I3: =C3+D3+E3+F3 -> 44162 | K3: =C3/I3*100 -> 82.077352 | L3: =D3/I3*100 -> 13.346316 | M3: =LN(Table2[[#This Row],[Total]]) -> 10.69562 | N3: =EXP(Analysis!$I$17+Analysis!$I$16*(Table2[[#This Row],[Year Index]])) -> 58583.515 | O3: =(Table2[[#This Row],[Total]]-Table2[[#This Row],[Model Estimate]])/Table2[[#This Row],[Total]] -> -0.32655937
A4: 2 | B4: 1995 | C4: 44319 | D4: 7017 | E4: 350 | F4: 1793 | G4: 37420 | H4: 14169 | I4: =C4+D4+E4+F4 -> 53479 | J4: =(I4-I3)/I3*100 -> 21.097323 | K4: =C4/I4*100 -> 82.871781 | L4: =D4/I4*100 -> 13.121038 | M4: =LN(Table2[[#This Row],[Total]]) -> 10.887044 | N4: =EXP(Analysis!$I$17+Analysis!$I$16*(Table2[[#This Row],[Year Index]])) -> 68439.437 | O4: =(Table2[[#This Row],[Total]]-Table2[[#This Row],[Model Estimate]])/Table2[[#This Row],[Total]] -> -0.27974414
A5: 3 | B5: 1996 | C5: 54003 | D5: 8814 | E5: 380 | F5: 1859 | G5: 47086 | H5: 18086 | I5: =C5+D5+E5+F5 -> 65056 | J5: =(I5-I4)/I4*100 -> 21.64775 | K5: =C5/I5*100 -> 83.010022 | L5: =D5/I5*100 -> 13.548328 | M5: =LN(Table2[[#This Row],[Total]]) -> 11.083004 | N5: =EXP(Analysis!$I$17+Analysis!$I$16*(Table2[[#This Row],[Year Index]])) -> 79953.491 | O5: =(Table2[[#This Row],[Total]]-Table2[[#This Row],[Model Estimate]])/Table2[[#This Row],[Total]] -> -0.22899488
A6: 4 | B6: 1997 | C6: 65917 | D6: 9589 | E6: 490 | F6: 1942 | G6: 58851 | H6: 16751 | I6: =C6+D6+E6+F6 -> 77938 | J6: =(I6-I5)/I5*100 -> 19.801402 | K6: =C6/I6*100 -> 84.576202 | L6: =D6/I6*100 -> 12.303369 | M6: =LN(Table2[[#This Row],[Total]]) -> 11.263669 | N6: =EXP(Analysis!$I$17+Analysis!$I$16*(Table2[[#This Row],[Year Index]])) -> 93404.637 | O6: =(Table2[[#This Row],[Total]]-Table2[[#This Row],[Model Estimate]])/Table2[[#This Row],[Total]] -> -0.19844796
A7: 5 | B7: 1998 | C7: 79236 | D7: 11834 | E7: 500 | F7: 2030 | G7: 72537 | H7: 18490 | I7: =C7+D7+E7+F7 -> 93600 | J7: =(I7-I6)/I6*100 -> 20.09546 | K7: =C7/I7*100 -> 84.653846 | L7: =D7/I7*100 -> 12.643162 | M7: =LN(Table2[[#This Row],[Total]]) -> 11.446786 | N7: =EXP(Analysis!$I$17+Analysis!$I$16*(Table2[[#This Row],[Year Index]])) -> 109118.76 | O7: =(Table2[[#This Row],[Total]]-Table2[[#This Row],[Model Estimate]])/Table2[[#This Row],[Total]] -> -0.16579877
A8: 6 | B8: 1999 | C8: 96411 | D8: 15048 | E8: 549 | F8: 2095 | G8: 90824 | H8: 26110 | I8: =C8+D8+E8+F8 -> 114103 | J8: =(I8-I7)/I7*100 -> 21.904915 | K8: =C8/I8*100 -> 84.494711 | L8: =D8/I8*100 -> 13.188084 | M8: =LN(Table2[[#This Row],[Total]]) -> 11.644857 | N8: =EXP(Analysis!$I$17+Analysis!$I$16*(Table2[[#This Row],[Year Index]])) -> 127476.59 | O8: =(Table2[[#This Row],[Total]]-Table2[[#This Row],[Model Estimate]])/Table2[[#This Row],[Total]] -> -0.11720631
A9: 7 | B9: 2000 | C9: 117059 | D9: 19268 | E9: 576 | F9: 2129 | G9: 114032 | H9: 28926 | I9: =C9+D9+E9+F9 -> 139032 | J9: =(I9-I8)/I8*100 -> 21.847804 | K9: =C9/I9*100 -> 84.195725 | L9: =D9/I9*100 -> 13.85868 | M9: =LN(Table2[[#This Row],[Total]]) -> 11.842459 | N9: =EXP(Analysis!$I$17+Analysis!$I$16*(Table2[[#This Row],[Year Index]])) -> 148922.89 | O9: =(Table2[[#This Row],[Total]]-Table2[[#This Row],[Model Estimate]])/Table2[[#This Row],[Total]] -> -0.071141087
A10: 8 | B10: 2001 | C10: 141256 | D10: 22780 | E10: 800 | F10: 2168 | G10: 140106 | H10: 32155 | I10: =C10+D10+E10+F10 -> 167004 | J10: =(I10-I9)/I9*100 -> 20.119109 | K10: =C10/I10*100 -> 84.582405 | L10: =D10/I10*100 -> 13.640392 | M10: =LN(Table2[[#This Row],[Total]]) -> 12.025773 | N10: =EXP(Analysis!$I$17+Analysis!$I$16*(Table2[[#This Row],[Year Index]])) -> 173977.25 | O10: =(Table2[[#This Row],[Total]]-Table2[[#This Row],[Model Estimate]])/Table2[[#This Row],[Total]] -> -0.041754966
A11: 9 | B11: 2002 | C11: 180574 | D11: 23708 | E11: 793 | F11: 2129 | G11: 178943 | H11: 34913 | I11: =C11+D11+E11+F11 -> 207204 | J11: =(I11-I10)/I10*100 -> 24.07128 | K11: =C11/I11*100 -> 87.147932 | L11: =D11/I11*100 -> 11.441864 | M11: =LN(Table2[[#This Row],[Total]]) -> 12.241459 | N11: =EXP(Analysis!$I$17+Analysis!$I$16*(Table2[[#This Row],[Year Index]])) -> 203246.68 | O11: =(Table2[[#This Row],[Total]]-Table2[[#This Row],[Model Estimate]])/Table2[[#This Row],[Total]] -> 0.019098674
A12: 10 | B12: 2003 | C12: 219597 | D12: 29407 | E12: 685 | F12: 2082 | G12: 222449 | H12: 27540 | I12: =C12+D12+E12+F12 -> 251771 | J12: =(I12-I11)/I11*100 -> 21.508755 | K12: =C12/I12*100 -> 87.220927 | L12: =D12/I12*100 -> 11.680058 | M12: =LN(Table2[[#This Row],[Total]]) -> 12.436275 | N12: =EXP(Analysis!$I$17+Analysis!$I$16*(Table2[[#This Row],[Year Index]])) -> 237440.32 | O12: =(Table2[[#This Row],[Total]]-Table2[[#This Row],[Model Estimate]])/Table2[[#This Row],[Total]] -> 0.056919519
A13: 11 | B13: 2004 | C13: 271779 | D13: 51924 | E13: 960 | F13: 2080 | G13: 297566 | H13: 31800 | I13: =C13+D13+E13+F13 -> 326743 | J13: =(I13-I12)/I12*100 -> 29.777854 | K13: =C13/I13*100 -> 83.178217 | L13: =D13/I13*100 -> 15.891389 | M13: =LN(Table2[[#This Row],[Total]]) -> 12.696929 | N13: =EXP(Analysis!$I$17+Analysis!$I$16*(Table2[[#This Row],[Year Index]])) -> 277386.59 | O13: =(Table2[[#This Row],[Total]]-Table2[[#This Row],[Model Estimate]])/Table2[[#This Row],[Total]] -> 0.15105575
A14: 12 | B14: 2005 | C14: 322022 | D14: 68485 | E14: 1270 | F14: 1408 | G14: 355635 | H14: 37530 | I14: =C14+D14+E14+F14 -> 393185 | J14: =(I14-I13)/I13*100 -> 20.334636 | K14: =C14/I14*100 -> 81.900886 | L14: =D14/I14*100 -> 17.418009 | M14: =LN(Table2[[#This Row],[Total]]) -> 12.882036 | N14: =EXP(Analysis!$I$17+Analysis!$I$16*(Table2[[#This Row],[Year Index]])) -> 324053.32 | O14: =(Table2[[#This Row],[Total]]-Table2[[#This Row],[Model Estimate]])/Table2[[#This Row],[Total]] -> 0.17582483
A15: 13 | B15: 2006 | C15: 378807 | D15: 105148 | E15: 1915 | F15: 1356 | G15: 450097 | H15: 37135 | I15: =C15+D15+E15+F15 -> 487226 | J15: =(I15-I14)/I14*100 -> 23.917749 | K15: =C15/I15*100 -> 77.747698 | L15: =D15/I15*100 -> 21.58095 | M15: =LN(Table2[[#This Row],[Total]]) -> 13.096483 | N15: =EXP(Analysis!$I$17+Analysis!$I$16*(Table2[[#This Row],[Year Index]])) -> 378571.11 | O15: =(Table2[[#This Row],[Total]]-Table2[[#This Row],[Model Estimate]])/Table2[[#This Row],[Total]] -> 0.22300716
... A33: 31 | B33: 2024 | C33: 3473042 | D33: 807476 | E33: 89 | F33: 380 | G33: 4271037 | H33: 9950 | I33: =C33+D33+E33+F33 -> 4280987 | J33: =(I33-I32)/I32*100 -> 9.4372465 | K33: =C33/I33*100 -> 81.127133 | L33: =D33/I33*100 -> 18.861912 | M33: =LN(Table2[[#This Row],[Total]]) -> 15.269694 | N33: =EXP(Analysis!$I$17+Analysis!$I$16*(Table2[[#This Row],[Year Index]])) -> 6218785.1 | O33: =(Table2[[#This Row],[Total]]-Table2[[#This Row],[Model Estimate]])/Table2[[#This Row],[Total]] -> -0.45265218

Sheet Analysis
A1: A. SUMMARY STATISTICS (₹ Crore, 1994–2024) | H1: C. SECTOR COMPOSITION — LAST 5 YEARS
A2: Metric | B2: Total Investments | C2: Public Sector | D2: Private Sector | E2: Stock Exchange | F2: Loans | H2: Year | I2: Public % | J2: Private % | K2: Joint % | L2: Co-op %
A3: Mean | B3: =AVERAGE('Cleaned Data'!I3:I33) -> 1267719.9 | C3: =AVERAGE('Cleaned Data'!C3:C33) -> 1033611.2 | D3: =AVERAGE('Cleaned Data'!D3:D33) -> 231952.65 | E3: =AVERAGE('Cleaned Data'!G3:G33) -> 1238287 | F3: =AVERAGE('Cleaned Data'!H3:H33) -> 29789.613 | H3: 2020 | I3: 84.7 | J3: 15.28 | K3: ='Cleaned Data'!E29/'Cleaned Data'!I29*100 -> 0.0032801709 | L3: 0.02
A4: Median | B4: =MEDIAN('Cleaned Data'!I3:I33) -> 762892 | C4: =MEDIAN('Cleaned Data'!C3:C33) -> 572050 | D4: =MEDIAN('Cleaned Data'!D3:D33) -> 187141 | E4: =MEDIAN('Cleaned Data'!G3:G33) -> 715710 | F4: =MEDIAN('Cleaned Data'!H3:H33) -> 31586 | H4: 2021 | I4: 84.5 | J4: 15.47 | K4: ='Cleaned Data'!E30/'Cleaned Data'!I30*100 -> 0.0032035538 | L4: 0.02
A5: Std Dev | B5: =STDEV('Cleaned Data'!I3:I33) -> 1289395 | C5: =STDEV('Cleaned Data'!C3:C33) -> 1068290.4 | D5: =STDEV('Cleaned Data'!D3:D33) -> 226712.97 | E5: =STDEV('Cleaned Data'!G3:G33) -> 1292679.8 | F5: =STDEV('Cleaned Data'!H3:H33) -> 11428.383 | H5: 2022 | I5: 82.47 | J5: 17.51 | K5: ='Cleaned Data'!E31/'Cleaned Data'!I31*100 -> 0.0023343878 | L5: 0.02
A6: Minimum | B6: =MIN('Cleaned Data'!I3:I33) -> 44162 | C6: =MIN('Cleaned Data'!C3:C33) -> 36247 | D6: =MIN('Cleaned Data'!D3:D33) -> 5894 | E6: =MIN('Cleaned Data'!G3:G33) -> 29536 | F6: =MIN('Cleaned Data'!H3:H33) -> 9950 | H6: 2023 | I6: 81.79 | J6: 18.2 | K6: ='Cleaned Data'!E32/'Cleaned Data'!I32*100 -> 0.0010225422 | L6: 0.01
A7: Maximum | B7: =MAX('Cleaned Data'!I3:I33) -> 4280987 | C7: =MAX('Cleaned Data'!C3:C33) -> 3473042 | D7: =MAX('Cleaned Data'!D3:D33) -> 807476 | E7: =MAX('Cleaned Data'!G3:G33) -> 4271037 | F7: =MAX('Cleaned Data'!H3:H33) -> 47181 | H7: 2024 | I7: 81.13 | J7: 18.86 | K7: ='Cleaned Data'!E33/'Cleaned Data'!I33*100 -> 0.0020789598 | L7: 0.01
A8: Range | B8: =B7-B6 -> 4236825 | C8: =C7-C6 -> 3436795 | D8: =D7-D6 -> 801582 | E8: =E7-E6 -> 4241501 | F8: =F7-F6 -> 37231
A9: Coeff Var % | B9: =(B5/B3)*100 -> 101.70978 | C9: =(C5/C3)*100 -> 103.35515 | D9: =(D5/D3)*100 -> 97.741057 | E9: =(E5/E3)*100 -> 104.39259 | F9: =(F5/F3)*100 -> 38.36365
H10: D. FORECASTED INVESTMENT( Crore)
H11: Enter the year: | I11: 2026
A12: B. KEY PERFORMANCE INDICATORS (KPIs) | H12: Result: | I12: =EXP(Analysis!$I$17 + Analysis!$I$16*(I11-1993)) -> 8487261
A13: KPI | B13: Value | C13: Unit
A14: Total Portfolio Size (2024) | B14: 42.81 Lakh Cr | C14: ₹ Lakh Crore
A15: Overall Growth (1994–2024) | B15: 9593.8% | C15: % | H15: E. Values required for regression
A16: CAGR (1994–2024) | B16: 16.47% | C16: % p.a. | H16: Slope(b) | I16: =SLOPE(Table2[Natural log(Investment)],Table2[Year Index]) -> 0.15549588
A17: Avg. Annual YoY Growth | B17: 16.61% | C17: % p.a. | H17: Intercept(a) | I17: =INTERCEPT(Table2[Natural log(Investment)],Table2[Year Index]) -> 10.822713
A18: Peak Growth Year (2004) | B18: 29.8% | C18: % | H18: R^2 | I18: =RSQ(Table2[Natural log(Investment)],Table2[Year Index]) -> 0.98165219
A19: Public Sector Share (2024) | B19: 81.1% | C19: %
A20: Private Sector Share (2024) | B20: 18.9% | C20: %
A21: Loans Portfolio Change | B21: -22.7% | C21: %

Sheet Insights
A1: DETAILED INSIGHTS
A3: Category | B3: Insight
A4: Portfolio Size | B4: LIC's total investment portfolio reached ₹42.81 lakh crore by 2024, reflecting its dominant position in India's financial ecosystem.
A5: Overall Growth | B5: The total portfolio expanded by approximately 9593.8% over 30 years, indicating nearly 96x growth since 1994.
A6: CAGR | B6: The compound annual growth rate (CAGR) of 16.47% highlights strong long-term compounding in LIC’s investment portfolio.
A7: Average Growth | B7: The average annual year-on-year growth rate of 16.61% aligns closely with CAGR, reinforcing consistent long-term expansion.
A8: Peak Growth | B8: The highest annual growth of 29.8% occurred in 2004, indicating a period of aggressive expansion.
A9: Sector Allocation | B9: As of 2024, 81.1% of LIC’s investments are in the public sector, highlighting a strong bias toward government securities.
A10: Private Exposure | B10: Private sector investments account for 18.9%, indicating limited but strategic diversification.
A11: Loans Trend | B11: The loans portfolio declined by 22.7%, suggesting a shift away from lending toward market-based investments.
A12: Model Fit | B12: The log-linear regression model achieved an R² of 0.9816, indicating a strong ability to capture the overall exponential growth trend.
A13: Model Interpretation | B13: The model successfully estimates the long-term growth rate, with an implied CAGR close to the actual observed CAGR.
A14: Residual Insight | B14: Residual analysis shows some systematic variation, reflecting that real-world growth does not follow a perfectly smooth exponential path.
... A19: Analytical Conclusion | B19: Overall, the model provides a strong representation of LIC’s long-term growth trajectory, while also highlighting a gradual transition from high growth to a more moderate growth phase.

Sheet Raw Data
A1: TABLE 70 : INVESTMENTS BY LIC OF INDIA (₹ Crore)
A2: Source: Life Insurance Corporation of India | RBI HSIE Database
A3: Year (end-March) | B3: Public Sector | C3: Private Sector | D3: Joint Sector | E3: Co-operative | F3: Stock Exchange | G3: Loans | H3: Total (₹ Crore) | I3: YoY Growth (%)
A4: 1994 | B4: 36247 | C4: 5894 | D4: 305 | E4: 1716 | F4: 29536 | G4: 12876 | H4: 44162 | I4: —
A5: 1995 | B5: 44319 | C5: 7017 | D5: 350 | E5: 1793 | F5: 37420 | G5: 14169 | H5: 53480 | I5: 21.099588
A6: 1996 | B6: 54003 | C6: 8814 | D6: 380 | E6: 1859 | F6: 47086 | G6: 18086 | H6: 65057 | I6: 21.647345
A7: 1997 | B7: 65917 | C7: 9589 | D7: 490 | E7: 1942 | F7: 58851 | G7: 16751 | H7: 77938 | I7: 19.79956
A8: 1998 | B8: 79236 | C8: 11834 | D8: 500 | E8: 2030 | F8: 72537 | G8: 18490 | H8: 93600 | I8: 20.09546
A9: 1999 | B9: 96411 | C9: 15048 | D9: 549 | E9: 2095 | F9: 90824 | G9: 26110 | H9: 114103 | I9: 21.904915
A10: 2000 | B10: 117059 | C10: 19268 | D10: 576 | E10: 2129 | F10: 114032 | G10: 28926 | H10: 139032 | I10: 21.847804
A11: 2001 | B11: 141256 | C11: 22780 | D11: 800 | E11: 2168 | F11: 140106 | G11: 32155 | H11: 167004 | I11: 20.119109
A12: 2002 | B12: 180574 | C12: 23708 | D12: 793 | E12: 2129 | F12: 178943 | G12: 34913 | H12: 207203 | I12: 24.070681
A13: 2003 | B13: 219597 | C13: 29407 | D13: 685 | E13: 2082 | F13: 222449 | G13: 27540 | H13: 251770 | I13: 21.508858
A14: 2004 | B14: 271779 | C14: 51924 | D14: 960 | E14: 2080 | F14: 297566 | G14: 31800 | H14: 326741 | I14: 29.777575
A15: 2005 | B15: 322022 | C15: 68485 | D15: 1270 | E15: 1408 | F15: 355635 | G15: 37530 | H15: 393185 | I15: 20.335373
A16: 2006 | B16: 378807 | C16: 105148 | D16: 1915 | E16: 1356 | F16: 450097 | G16: 37135 | H16: 487227 | I16: 23.918003
... A34: 2024 | B34: 3473042 | C34: 807476 | D34: 89 | E34: 380 | F34: 4271037 | G34: 9950 | H34: 4280987 | I34: 9.4372744
